[{"id":"3569","title":"A Leather Bag","imageUrl":"https://cdn.shopify.com/s/files/1/1238/5828/products/v-wine_red__Women-Backpack-High-Quality-PU-Leather-Mochila-Escolar-School-Bags-For-Teenagers-Girls-Top-handle-Backpacks_739x.jpeg?v=1529565863","description":"Bohemian Bag \r\nAvailable In Black and Cream\r\nOur Bohemian Bags Go Perfectly With Any Outfit.\r\n***At Very Affordable Prices***","price":"20.99"},{"id":"2915","title":"Men's Natural Horween Captain Boot","imageUrl":"https://cdn.shopify.com/s/files/1/0419/1525/products/natural-leather-captain-boot-1_40b96862-56ca-40de-8b7f-b8015c7186a0_1024x1024.jpg?v=1538079658","description":"Natural Chromexcel Horween® Leather\r\nGoodyear Welt Construction\r\nFull Glove Leather Interior Lining\r\nPremium Flat Waxed Cotton Laces\r\nCustom Developed Reinforced Eyelets\r\nPoron® Antimicrobial Shock Absorbing Insole","price":"199.99"},{"id":"4521","title":"Original Belt","imageUrl":"https://cdn.shopify.com/s/files/1/0419/1525/products/Natural_Belt_1_693599cb-8f31-4890-be7c-3b830d2e747b_1024x1024.jpg?v=1492635009","description":"Horween Natural Chromexcel Leather\r\nMinimalist Single-Prong Design\r\nSquare Silver Alloy Buckle\r\nHandstitched Trim","price":"79.99"}]